INSERT INTO REGISTRATION VALUES ('Minhaz116', 'Minhaz116', 'Person');
INSERT INTO PERSONAL_INFO VALUES ('Minhaz116', 'Minhaz Talukdar', '01463763754', 'minhaztalukdar@iut-dhaka.edu', TO_DATE('1999/02/27', 'yyyy/mm/dd'), 'MIRPUR', 'Male', 'AB-');
INSERT INTO DONOR_INFO VALUES ('Minhaz116', 'Ineligible', 'Active', 'NON-Paid');
INSERT INTO REGISTRATION VALUES ('Abdullah54', 'Abdullah54', 'Person');
INSERT INTO PERSONAL_INFO VALUES ('Abdullah54', 'Abdullah Khan', '01774686596', 'abdullahkhan@yahoo.com', TO_DATE('1991/10/13', 'yyyy/mm/dd'), 'GULSHAN', 'Male', 'AB+');
INSERT INTO DONOR_INFO VALUES ('Abdullah54', 'Ineligible', 'Inactive', 'Paid');
INSERT INTO REGISTRATION VALUES ('Sakib9074', 'Sakib9074', 'Person');
INSERT INTO PERSONAL_INFO VALUES ('Sakib9074', 'Sakib Talukdar', '01943494995', 'sakibtalukdar@gmail.com', TO_DATE('1990/04/26', 'yyyy/mm/dd'), 'GULSHAN', 'Male', 'A+');
INSERT INTO DONOR_INFO VALUES ('Sakib9074', 'Eligible', 'Active', 'NON-Paid');
INSERT INTO REGISTRATION VALUES ('Ucchash2615', 'Ucchash2615', 'Person');
INSERT INTO PERSONAL_INFO VALUES ('Ucchash2615', 'Ucchash Majumdar', '01973335593', 'ucchashmajumdar@yahoo.com', TO_DATE('1996/07/17', 'yyyy/mm/dd'), 'UTTARA', 'Male', 'B-');
INSERT INTO DONOR_INFO VALUES ('Ucchash2615', 'Eligible', 'Active', 'Paid');
INSERT INTO REGISTRATION VALUES ('Minhaz7401', 'Minhaz7401', 'Person');
INSERT INTO PERSONAL_INFO VALUES ('Minhaz7401', 'Minhaz Bokshi', '01934378385', 'minhazbokshi@yahoo.com', TO_DATE('1990/08/13', 'yyyy/mm/dd'), 'UTTARA', 'Male', 'AB-');
INSERT INTO DONOR_INFO VALUES ('Minhaz7401', 'Eligible', 'Inactive', 'NON-Paid');
INSERT INTO REGISTRATION VALUES ('Sakib9207', 'Sakib9207', 'Person');
INSERT INTO PERSONAL_INFO VALUES ('Sakib9207', 'Sakib Talukdar', '01973935588', 'sakibtalukdar@gmail.com', TO_DATE('1990/12/27', 'yyyy/mm/dd'), 'MIRPUR', 'Male', 'B-');
INSERT INTO DONOR_INFO VALUES ('Sakib9207', 'Eligible', 'Active', 'NON-Paid');
INSERT INTO REGISTRATION VALUES ('Raihan4570', 'Raihan4570', 'Person');
INSERT INTO PERSONAL_INFO VALUES ('Raihan4570', 'Raihan Bokshi', '01588637686', 'raihanbokshi@gmail.com', TO_DATE('1994/02/07', 'yyyy/mm/dd'), 'UTTARA', 'Male', 'O+');
INSERT INTO DONOR_INFO VALUES ('Raihan4570', 'Ineligible', 'Inactive', 'Paid');
INSERT INTO REGISTRATION VALUES ('Sakib8001', 'Sakib8001', 'Person');
INSERT INTO PERSONAL_INFO VALUES ('Sakib8001', 'Sakib Bokshi', '01784585558', 'sakibbokshi@iut-dhaka.edu', TO_DATE('1987/07/17', 'yyyy/mm/dd'), 'MIRPUR', 'Male', 'AB+');
INSERT INTO DONOR_INFO VALUES ('Sakib8001', 'Ineligible', 'Active', 'Paid');
INSERT INTO REGISTRATION VALUES ('Raihan6937', 'Raihan6937', 'Person');
INSERT INTO PERSONAL_INFO VALUES ('Raihan6937', 'Raihan Chowdhury', '01575566377', 'raihanchowdhury@yahoo.com', TO_DATE('1998/09/11', 'yyyy/mm/dd'), 'GULSHAN', 'Male', 'B-');
INSERT INTO DONOR_INFO VALUES ('Raihan6937', 'Eligible', 'Active', 'NON-Paid');
INSERT INTO REGISTRATION VALUES ('Naweed1513', 'Naweed1513', 'Person');
INSERT INTO PERSONAL_INFO VALUES ('Naweed1513', 'Naweed Chowdhury', '01934584498', 'naweedchowdhury@iut-dhaka.edu', TO_DATE('1999/02/07', 'yyyy/mm/dd'), 'UTTARA', 'Male', 'AB-');
INSERT INTO DONOR_INFO VALUES ('Naweed1513', 'Eligible', 'Inactive', 'Paid');
INSERT INTO REGISTRATION VALUES ('Sajid9378', 'Sajid9378', 'Person');
INSERT INTO PERSONAL_INFO VALUES ('Sajid9378', 'Sajid Chowdhury', '01836686367', 'sajidchowdhury@gmail.com', TO_DATE('1986/07/26', 'yyyy/mm/dd'), 'BASHUNDHARA', 'Male', 'A+');
INSERT INTO DONOR_INFO VALUES ('Sajid9378', 'Ineligible', 'Inactive', 'Paid');
INSERT INTO REGISTRATION VALUES ('Minhaz6588', 'Minhaz6588', 'Person');
INSERT INTO PERSONAL_INFO VALUES ('Minhaz6588', 'Minhaz Majumdar', '01355638664', 'minhazmajumdar@gmail.com', TO_DATE('1993/08/10', 'yyyy/mm/dd'), 'UTTARA', 'Male', 'A+');
INSERT INTO DONOR_INFO VALUES ('Minhaz6588', 'Eligible', 'Inactive', 'NON-Paid');
INSERT INTO REGISTRATION VALUES ('Minhaz808', 'Minhaz808', 'Person');
INSERT INTO PERSONAL_INFO VALUES ('Minhaz808', 'Minhaz Chowdhury', '01638646983', 'minhazchowdhury@gmail.com', TO_DATE('1985/08/08', 'yyyy/mm/dd'), 'BASHUNDHARA', 'Male', 'AB-');
INSERT INTO DONOR_INFO VALUES ('Minhaz808', 'Eligible', 'Inactive', 'NON-Paid');
INSERT INTO REGISTRATION VALUES ('Sartaj9725', 'Sartaj9725', 'Person');
INSERT INTO PERSONAL_INFO VALUES ('Sartaj9725', 'Sartaj Bokshi', '01566776867', 'sartajbokshi@iut-dhaka.edu', TO_DATE('1994/04/20', 'yyyy/mm/dd'), 'GULSHAN', 'Male', 'AB-');
INSERT INTO DONOR_INFO VALUES ('Sartaj9725', 'Ineligible', 'Active', 'Paid');
INSERT INTO REGISTRATION VALUES ('Anas1325', 'Anas1325', 'Person');
INSERT INTO PERSONAL_INFO VALUES ('Anas1325', 'Anas Bokshi', '01988939455', 'anasbokshi@yahoo.com', TO_DATE('1985/05/28', 'yyyy/mm/dd'), 'BASHUNDHARA', 'Male', 'AB+');
INSERT INTO DONOR_INFO VALUES ('Anas1325', 'Eligible', 'Active', 'Paid');
INSERT INTO REGISTRATION VALUES ('Rakib684', 'Rakib684', 'Person');
INSERT INTO PERSONAL_INFO VALUES ('Rakib684', 'Rakib Chowdhury', '01579653347', 'rakibchowdhury@gmail.com', TO_DATE('1984/09/16', 'yyyy/mm/dd'), 'MIRPUR', 'Male', 'A+');
INSERT INTO DONOR_INFO VALUES ('Rakib684', 'Ineligible', 'Inactive', 'Paid');
INSERT INTO REGISTRATION VALUES ('Sakib8911', 'Sakib8911', 'Person');
INSERT INTO PERSONAL_INFO VALUES ('Sakib8911', 'Sakib Talukdar', '01746498583', 'sakibtalukdar@yahoo.com', TO_DATE('1990/03/28', 'yyyy/mm/dd'), 'MIRPUR', 'Male', 'B-');
INSERT INTO DONOR_INFO VALUES ('Sakib8911', 'Eligible', 'Active', 'NON-Paid');
INSERT INTO REGISTRATION VALUES ('Sakib8236', 'Sakib8236', 'Person');
INSERT INTO PERSONAL_INFO VALUES ('Sakib8236', 'Sakib Talukdar', '01648369835', 'sakibtalukdar@gmail.com', TO_DATE('1997/11/25', 'yyyy/mm/dd'), 'MIRPUR', 'Male', 'B-');
INSERT INTO DONOR_INFO VALUES ('Sakib8236', 'Eligible', 'Active', 'NON-Paid');
INSERT INTO REGISTRATION VALUES ('Minhaz617', 'Minhaz617', 'Person');
INSERT INTO PERSONAL_INFO VALUES ('Minhaz617', 'Minhaz Talukdar', '01589689464', 'minhaztalukdar@yahoo.com', TO_DATE('1988/01/28', 'yyyy/mm/dd'), 'BASHUNDHARA', 'Male', 'A+');
INSERT INTO DONOR_INFO VALUES ('Minhaz617', 'Ineligible', 'Inactive', 'Paid');
INSERT INTO REGISTRATION VALUES ('Naweed5819', 'Naweed5819', 'Person');
INSERT INTO PERSONAL_INFO VALUES ('Naweed5819', 'Naweed Chowdhury', '01839974637', 'naweedchowdhury@iut-dhaka.edu', TO_DATE('1995/02/17', 'yyyy/mm/dd'), 'BASHUNDHARA', 'Male', 'A+');
INSERT INTO DONOR_INFO VALUES ('Naweed5819', 'Ineligible', 'Inactive', 'NON-Paid');
INSERT INTO REGISTRATION VALUES ('Ucchash350', 'Ucchash350', 'Person');
INSERT INTO PERSONAL_INFO VALUES ('Ucchash350', 'Ucchash Talukdar', '01698964655', 'ucchashtalukdar@iut-dhaka.edu', TO_DATE('1987/06/19', 'yyyy/mm/dd'), 'BASHUNDHARA', 'Male', 'AB-');
INSERT INTO DONOR_INFO VALUES ('Ucchash350', 'Eligible', 'Inactive', 'NON-Paid');
INSERT INTO REGISTRATION VALUES ('Sartaj7644', 'Sartaj7644', 'Person');
INSERT INTO PERSONAL_INFO VALUES ('Sartaj7644', 'Sartaj Talukdar', '01455983593', 'sartajtalukdar@iut-dhaka.edu', TO_DATE('1990/10/29', 'yyyy/mm/dd'), 'BASHUNDHARA', 'Male', 'O+');
INSERT INTO DONOR_INFO VALUES ('Sartaj7644', 'Eligible', 'Active', 'NON-Paid');
INSERT INTO REGISTRATION VALUES ('Ucchash9802', 'Ucchash9802', 'Person');
INSERT INTO PERSONAL_INFO VALUES ('Ucchash9802', 'Ucchash Bokshi', '01976735996', 'ucchashbokshi@yahoo.com', TO_DATE('1992/07/13', 'yyyy/mm/dd'), 'MIRPUR', 'Male', 'B-');
INSERT INTO DONOR_INFO VALUES ('Ucchash9802', 'Eligible', 'Inactive', 'NON-Paid');
INSERT INTO REGISTRATION VALUES ('Ucchash4007', 'Ucchash4007', 'Person');
INSERT INTO PERSONAL_INFO VALUES ('Ucchash4007', 'Ucchash Chowdhury', '01676673387', 'ucchashchowdhury@iut-dhaka.edu', TO_DATE('1997/02/08', 'yyyy/mm/dd'), 'UTTARA', 'Male', 'A+');
INSERT INTO DONOR_INFO VALUES ('Ucchash4007', 'Ineligible', 'Active', 'NON-Paid');
INSERT INTO REGISTRATION VALUES ('Ucchash8964', 'Ucchash8964', 'Person');
INSERT INTO PERSONAL_INFO VALUES ('Ucchash8964', 'Ucchash Islam', '01864588745', 'ucchashislam@iut-dhaka.edu', TO_DATE('1997/09/12', 'yyyy/mm/dd'), 'MIRPUR', 'Male', 'AB-');
INSERT INTO DONOR_INFO VALUES ('Ucchash8964', 'Eligible', 'Active', 'Paid');

COMMIT;

INSERT INTO REGISTRATION VALUES ('Sanjana5585', 'Sanjana5585', 'Person');
INSERT INTO PERSONAL_INFO VALUES ('Sanjana5585', 'Sanjana Mahmud', '01564785583', 'sanjanamahmud@iut-dhaka.edu', TO_DATE('1989/08/08', 'yyyy/mm/dd'), 'UTTARA', 'Male', 'O+');
INSERT INTO DONOR_INFO VALUES ('Sanjana5585', 'Eligible', 'Inactive', 'Paid');
INSERT INTO REGISTRATION VALUES ('Afra8080', 'Afra8080', 'Person');
INSERT INTO PERSONAL_INFO VALUES ('Afra8080', 'Afra Akhter', '01368954977', 'afraakhter@iut-dhaka.edu', TO_DATE('1996/05/01', 'yyyy/mm/dd'), 'GULSHAN', 'Male', 'AB+');
INSERT INTO DONOR_INFO VALUES ('Afra8080', 'Eligible', 'Inactive', 'Paid');
INSERT INTO REGISTRATION VALUES ('Sara2034', 'Sara2034', 'Person');
INSERT INTO PERSONAL_INFO VALUES ('Sara2034', 'Sara Ahmed', '01689489948', 'saraahmed@gmail.com', TO_DATE('1985/11/22', 'yyyy/mm/dd'), 'MIRPUR', 'Male', 'B+');
INSERT INTO DONOR_INFO VALUES ('Sara2034', 'Eligible', 'Inactive', 'NON-Paid');
INSERT INTO REGISTRATION VALUES ('Wasifa446', 'Wasifa446', 'Person');
INSERT INTO PERSONAL_INFO VALUES ('Wasifa446', 'Wasifa Aziz', '01898536776', 'wasifaaziz@yahoo.com', TO_DATE('1988/11/28', 'yyyy/mm/dd'), 'GULSHAN', 'Male', 'AB-');
INSERT INTO DONOR_INFO VALUES ('Wasifa446', 'Eligible', 'Active', 'NON-Paid');
INSERT INTO REGISTRATION VALUES ('Fariha9970', 'Fariha9970', 'Person');
INSERT INTO PERSONAL_INFO VALUES ('Fariha9970', 'Fariha Karim', '01959676375', 'farihakarim@yahoo.com', TO_DATE('1985/01/29', 'yyyy/mm/dd'), 'BASHUNDHARA', 'Male', 'B-');
INSERT INTO DONOR_INFO VALUES ('Fariha9970', 'Eligible', 'Inactive', 'Paid');
INSERT INTO REGISTRATION VALUES ('Fabiha3541', 'Fabiha3541', 'Person');
INSERT INTO PERSONAL_INFO VALUES ('Fabiha3541', 'Fabiha Abbas', '01333355936', 'fabihaabbas@iut-dhaka.edu', TO_DATE('2000/01/10', 'yyyy/mm/dd'), 'GULSHAN', 'Male', 'B+');
INSERT INTO DONOR_INFO VALUES ('Fabiha3541', 'Ineligible', 'Active', 'NON-Paid');
INSERT INTO REGISTRATION VALUES ('Afra5764', 'Afra5764', 'Person');
INSERT INTO PERSONAL_INFO VALUES ('Afra5764', 'Afra Nawar', '01666769535', 'afranawar@gmail.com', TO_DATE('1989/04/09', 'yyyy/mm/dd'), 'UTTARA', 'Male', 'B-');
INSERT INTO DONOR_INFO VALUES ('Afra5764', 'Ineligible', 'Inactive', 'NON-Paid');
INSERT INTO REGISTRATION VALUES ('Afra5285', 'Afra5285', 'Person');
INSERT INTO PERSONAL_INFO VALUES ('Afra5285', 'Afra Mahmud', '01478766765', 'aframahmud@gmail.com', TO_DATE('1989/04/24', 'yyyy/mm/dd'), 'GULSHAN', 'Male', 'B+');
INSERT INTO DONOR_INFO VALUES ('Afra5285', 'Eligible', 'Inactive', 'Paid');
INSERT INTO REGISTRATION VALUES ('Alishba7339', 'Alishba7339', 'Person');
INSERT INTO PERSONAL_INFO VALUES ('Alishba7339', 'Alishba Alam', '01368547983', 'alishbaalam@iut-dhaka.edu', TO_DATE('1993/03/30', 'yyyy/mm/dd'), 'BASHUNDHARA', 'Male', 'B+');
INSERT INTO DONOR_INFO VALUES ('Alishba7339', 'Eligible', 'Active', 'Paid');
INSERT INTO REGISTRATION VALUES ('Nuzhat4706', 'Nuzhat4706', 'Person');
INSERT INTO PERSONAL_INFO VALUES ('Nuzhat4706', 'Nuzhat Alam', '01384698953', 'nuzhatalam@yahoo.com', TO_DATE('1988/03/16', 'yyyy/mm/dd'), 'UTTARA', 'Male', 'O+');
INSERT INTO DONOR_INFO VALUES ('Nuzhat4706', 'Ineligible', 'Inactive', 'Paid');
INSERT INTO REGISTRATION VALUES ('Sara4609', 'Sara4609', 'Person');
INSERT INTO PERSONAL_INFO VALUES ('Sara4609', 'Sara Ahmed', '01837787454', 'saraahmed@gmail.com', TO_DATE('1990/12/20', 'yyyy/mm/dd'), 'MIRPUR', 'Male', 'AB-');
INSERT INTO DONOR_INFO VALUES ('Sara4609', 'Eligible', 'Active', 'NON-Paid');
INSERT INTO REGISTRATION VALUES ('Sanjana1225', 'Sanjana1225', 'Person');
INSERT INTO PERSONAL_INFO VALUES ('Sanjana1225', 'Sanjana Ahmed', '01635873566', 'sanjanaahmed@yahoo.com', TO_DATE('1992/06/07', 'yyyy/mm/dd'), 'MIRPUR', 'Male', 'AB-');
INSERT INTO DONOR_INFO VALUES ('Sanjana1225', 'Ineligible', 'Active', 'Paid');
INSERT INTO REGISTRATION VALUES ('Sanjana6670', 'Sanjana6670', 'Person');
INSERT INTO PERSONAL_INFO VALUES ('Sanjana6670', 'Sanjana Akhter', '01678869778', 'sanjanaakhter@yahoo.com', TO_DATE('1992/07/19', 'yyyy/mm/dd'), 'UTTARA', 'Male', 'AB-');
INSERT INTO DONOR_INFO VALUES ('Sanjana6670', 'Eligible', 'Active', 'NON-Paid');
INSERT INTO REGISTRATION VALUES ('Maisha657', 'Maisha657', 'Person');
INSERT INTO PERSONAL_INFO VALUES ('Maisha657', 'Maisha Akhter', '01679976553', 'maishaakhter@yahoo.com', TO_DATE('1992/01/09', 'yyyy/mm/dd'), 'GULSHAN', 'Male', 'B+');
INSERT INTO DONOR_INFO VALUES ('Maisha657', 'Ineligible', 'Active', 'Paid');
INSERT INTO REGISTRATION VALUES ('Fabiha439', 'Fabiha439', 'Person');
INSERT INTO PERSONAL_INFO VALUES ('Fabiha439', 'Fabiha Jalal', '01839344739', 'fabihajalal@yahoo.com', TO_DATE('1999/01/27', 'yyyy/mm/dd'), 'MIRPUR', 'Male', 'AB-');
INSERT INTO DONOR_INFO VALUES ('Fabiha439', 'Eligible', 'Active', 'Paid');
INSERT INTO REGISTRATION VALUES ('Rity1233', 'Rity1233', 'Person');
INSERT INTO PERSONAL_INFO VALUES ('Rity1233', 'Rity Abbas', '01767759964', 'rityabbas@yahoo.com', TO_DATE('1986/06/16', 'yyyy/mm/dd'), 'UTTARA', 'Male', 'B-');
INSERT INTO DONOR_INFO VALUES ('Rity1233', 'Eligible', 'Active', 'Paid');
INSERT INTO REGISTRATION VALUES ('Nazifa6825', 'Nazifa6825', 'Person');
INSERT INTO PERSONAL_INFO VALUES ('Nazifa6825', 'Nazifa Nawar', '01897345878', 'nazifanawar@iut-dhaka.edu', TO_DATE('1994/04/27', 'yyyy/mm/dd'), 'MIRPUR', 'Male', 'B-');
INSERT INTO DONOR_INFO VALUES ('Nazifa6825', 'Ineligible', 'Inactive', 'Paid');
INSERT INTO REGISTRATION VALUES ('Fariha3655', 'Fariha3655', 'Person');
INSERT INTO PERSONAL_INFO VALUES ('Fariha3655', 'Fariha Alam', '01679947998', 'farihaalam@iut-dhaka.edu', TO_DATE('1997/07/28', 'yyyy/mm/dd'), 'GULSHAN', 'Male', 'A+');
INSERT INTO DONOR_INFO VALUES ('Fariha3655', 'Eligible', 'Inactive', 'NON-Paid');
INSERT INTO REGISTRATION VALUES ('Sanjana3100', 'Sanjana3100', 'Person');
INSERT INTO PERSONAL_INFO VALUES ('Sanjana3100', 'Sanjana Zaman', '01733955736', 'sanjanazaman@yahoo.com', TO_DATE('1999/09/05', 'yyyy/mm/dd'), 'GULSHAN', 'Male', 'B-');
INSERT INTO DONOR_INFO VALUES ('Sanjana3100', 'Eligible', 'Inactive', 'NON-Paid');
INSERT INTO REGISTRATION VALUES ('Alishba8157', 'Alishba8157', 'Person');
INSERT INTO PERSONAL_INFO VALUES ('Alishba8157', 'Alishba Ahmed', '01498834745', 'alishbaahmed@iut-dhaka.edu', TO_DATE('1984/12/10', 'yyyy/mm/dd'), 'BASHUNDHARA', 'Male', 'A+');
INSERT INTO DONOR_INFO VALUES ('Alishba8157', 'Ineligible', 'Inactive', 'NON-Paid');
INSERT INTO REGISTRATION VALUES ('Rity227', 'Rity227', 'Person');
INSERT INTO PERSONAL_INFO VALUES ('Rity227', 'Rity Abbas', '01667783337', 'rityabbas@iut-dhaka.edu', TO_DATE('2000/08/12', 'yyyy/mm/dd'), 'UTTARA', 'Male', 'AB+');
INSERT INTO DONOR_INFO VALUES ('Rity227', 'Ineligible', 'Inactive', 'Paid');
INSERT INTO REGISTRATION VALUES ('Fabiha288', 'Fabiha288', 'Person');
INSERT INTO PERSONAL_INFO VALUES ('Fabiha288', 'Fabiha Aziz', '01536498865', 'fabihaaziz@gmail.com', TO_DATE('1991/09/03', 'yyyy/mm/dd'), 'BASHUNDHARA', 'Male', 'O+');
INSERT INTO DONOR_INFO VALUES ('Fabiha288', 'Eligible', 'Inactive', 'NON-Paid');
INSERT INTO REGISTRATION VALUES ('Nazifa9384', 'Nazifa9384', 'Person');
INSERT INTO PERSONAL_INFO VALUES ('Nazifa9384', 'Nazifa Nawar', '01777463339', 'nazifanawar@iut-dhaka.edu', TO_DATE('1985/08/20', 'yyyy/mm/dd'), 'MIRPUR', 'Male', 'B-');
INSERT INTO DONOR_INFO VALUES ('Nazifa9384', 'Ineligible', 'Active', 'Paid');
INSERT INTO REGISTRATION VALUES ('Fariha1482', 'Fariha1482', 'Person');
INSERT INTO PERSONAL_INFO VALUES ('Fariha1482', 'Fariha Karim', '01848883868', 'farihakarim@yahoo.com', TO_DATE('2000/08/25', 'yyyy/mm/dd'), 'GULSHAN', 'Male', 'B-');
INSERT INTO DONOR_INFO VALUES ('Fariha1482', 'Eligible', 'Inactive', 'NON-Paid');
INSERT INTO REGISTRATION VALUES ('Fabiha4454', 'Fabiha4454', 'Person');
INSERT INTO PERSONAL_INFO VALUES ('Fabiha4454', 'Fabiha Karim', '01339598789', 'fabihakarim@iut-dhaka.edu', TO_DATE('1994/09/16', 'yyyy/mm/dd'), 'UTTARA', 'Male', 'B+');
INSERT INTO DONOR_INFO VALUES ('Fabiha4454', 'Ineligible', 'Active', 'NON-Paid');

COMMIT;

INSERT INTO REGISTRATION VALUES ('agrani', 'agrani', 'Organization');
INSERT INTO ORG_INFO VALUES ('agrani', 'Agrani Blood Bank', '01374654679', 'agrani@yahoo.com', 'GULSHAN', '854691433886491233', 'Sanjana Ahmed', '01545334795', 'Agrani Blood Bank, GULSHAN, Dhaka');
INSERT INTO ORG_LIC_INFO (USERNAME, ELIGIBILITY) VALUES ('agrani', 'Ineligible');
INSERT INTO REGISTRATION VALUES ('progoti', 'progoti', 'Organization');
INSERT INTO ORG_INFO VALUES ('progoti', 'Progoti Blood Centre', '01659937646', 'progoti@yahoo.com', 'UTTARA', '067007813792121659', 'Afra Islam', '01558983549', 'Progoti Blood Centre, UTTARA, Dhaka');
INSERT INTO ORG_LIC_INFO (USERNAME, ELIGIBILITY) VALUES ('progoti', 'Ineligible');
INSERT INTO REGISTRATION VALUES ('DMC', 'DMC', 'Organization');
INSERT INTO ORG_INFO VALUES ('DMC', 'Dhaka Medical College', '01599645453', 'dmc@yahoo.com', 'GULSHAN', '352145120520696379', 'Sara Ahmed', '01894557347', 'Dhaka Medical College, GULSHAN, Dhaka');
INSERT INTO ORG_LIC_INFO (USERNAME, ELIGIBILITY) VALUES ('DMC', 'Ineligible');
INSERT INTO REGISTRATION VALUES ('alif', 'alif', 'Organization');
INSERT INTO ORG_INFO VALUES ('alif', 'Alif Blood Bank', '01455536754', 'alif@gmail.com', 'GULSHAN', '020460215910430437', 'Alishba Abbas', '01568468365', 'Alif Blood Bank, GULSHAN, Dhaka');
INSERT INTO ORG_LIC_INFO (USERNAME, ELIGIBILITY) VALUES ('alif', 'Eligible');
INSERT INTO REGISTRATION VALUES ('aidlab', 'aidlab', 'Organization');
INSERT INTO ORG_INFO VALUES ('aidlab', 'Aid Lab', '01444589486', 'aidlab@gmail.com', 'BASHUNDHARA', '727886760012541696', 'Nazifa Ahmed', '01686985564', 'Aid Lab, BASHUNDHARA, Dhaka');
INSERT INTO ORG_LIC_INFO (USERNAME, ELIGIBILITY) VALUES ('aidlab', 'Eligible');
INSERT INTO REGISTRATION VALUES ('shondhani', 'shondhani', 'Organization');
INSERT INTO ORG_INFO VALUES ('shondhani', 'Shondhani Blood Bank', '01396698645', 'shondhani@yahoo.com', 'UTTARA', '113651978497880437', 'Maisha Karim', '01845689986', 'Shondhani Blood Bank, UTTARA, Dhaka');
INSERT INTO ORG_LIC_INFO (USERNAME, ELIGIBILITY) VALUES ('shondhani', 'Eligible');
INSERT INTO REGISTRATION VALUES ('charpoka', 'charpoka', 'Organization');
INSERT INTO ORG_INFO VALUES ('charpoka', 'Charpoka Blood Bank', '01843487747', 'charpoka@yahoo.com', 'MIRPUR', '288248596353967211', 'Nazifa Jalal', '01637544336', 'Charpoka Blood Bank, MIRPUR, Dhaka');
INSERT INTO ORG_LIC_INFO (USERNAME, ELIGIBILITY) VALUES ('charpoka', 'Ineligible');
INSERT INTO REGISTRATION VALUES ('quantum', 'quantum', 'Organization');
INSERT INTO ORG_INFO VALUES ('quantum', 'Quantum Blood Bank', '01897537887', 'quantum@yahoo.com', 'BASHUNDHARA', '071387265229632850', 'Afra Aziz', '01888944366', 'Quantum Blood Bank, BASHUNDHARA, Dhaka');
INSERT INTO ORG_LIC_INFO (USERNAME, ELIGIBILITY) VALUES ('quantum', 'Eligible');
INSERT INTO REGISTRATION VALUES ('smc', 'smc', 'Organization');
INSERT INTO ORG_INFO VALUES ('smc', 'Suhrawardy Medical College', '01689574955', 'smc@yahoo.com', 'BASHUNDHARA', '132326923359249035', 'Maisha Ahmed', '01363356478', 'Suhrawardy Medical College, BASHUNDHARA, Dhaka');
INSERT INTO ORG_LIC_INFO (USERNAME, ELIGIBILITY) VALUES ('smc', 'Eligible');
INSERT INTO REGISTRATION VALUES ('bsmmu', 'bsmmu', 'Organization');
INSERT INTO ORG_INFO VALUES ('bsmmu', 'BSMMU', '01538893947', 'bsmmu@yahoo.com', 'GULSHAN', '129056005760010331', 'Nazifa Ahmed', '01375965377', 'BSMMU, GULSHAN, Dhaka');
INSERT INTO ORG_LIC_INFO (USERNAME, ELIGIBILITY) VALUES ('bsmmu', 'Eligible');

COMMIT;