INSERT INTO REGISTRATION VALUES ('Minhaz116', 'Minhaz116', 'Person');
INSERT INTO PERSONAL_INFO VALUES ('Minhaz116', 'Minhaz Talukdar', '01463763754', 'minhaztalukdar@iut-dhaka.edu', TO_DATE('1999/02/27', 'yyyy/mm/dd'), 'MIRPUR', 'Male', 'AB-');
INSERT INTO DONOR_INFO VALUES ('Minhaz116', 'Ineligible', 'Active', 'NON-Paid');
INSERT INTO REGISTRATION VALUES ('Abdullah54', 'Abdullah54', 'Person');
INSERT INTO PERSONAL_INFO VALUES ('Abdullah54', 'Abdullah Khan', '01774686596', 'abdullahkhan@yahoo.com', TO_DATE('1991/10/13', 'yyyy/mm/dd'), 'GULSHAN', 'Male', 'AB+');
INSERT INTO DONOR_INFO VALUES ('Abdullah54', 'Ineligible', 'Inactive', 'Paid');
INSERT INTO REGISTRATION VALUES ('Sakib9074', 'Sakib9074', 'Person');
INSERT INTO PERSONAL_INFO VALUES ('Sakib9074', 'Sakib Talukdar', '01943494995', 'sakibtalukdar@gmail.com', TO_DATE('1990/04/26', 'yyyy/mm/dd'), 'GULSHAN', 'Male', 'A+');
INSERT INTO DONOR_INFO VALUES ('Sakib9074', 'Eligible', 'Active', 'NON-Paid');
INSERT INTO REGISTRATION VALUES ('Ucchash2615', 'Ucchash2615', 'Person');
INSERT INTO PERSONAL_INFO VALUES ('Ucchash2615', 'Ucchash Majumdar', '01973335593', 'ucchashmajumdar@yahoo.com', TO_DATE('1996/07/17', 'yyyy/mm/dd'), 'UTTARA', 'Male', 'B-');
INSERT INTO DONOR_INFO VALUES ('Ucchash2615', 'Eligible', 'Active', 'Paid');
INSERT INTO REGISTRATION VALUES ('Minhaz7401', 'Minhaz7401', 'Person');
INSERT INTO PERSONAL_INFO VALUES ('Minhaz7401', 'Minhaz Bokshi', '01934378385', 'minhazbokshi@yahoo.com', TO_DATE('1990/08/13', 'yyyy/mm/dd'), 'UTTARA', 'Male', 'AB-');
INSERT INTO DONOR_INFO VALUES ('Minhaz7401', 'Eligible', 'Inactive', 'NON-Paid');
INSERT INTO REGISTRATION VALUES ('Sakib9207', 'Sakib9207', 'Person');
INSERT INTO PERSONAL_INFO VALUES ('Sakib9207', 'Sakib Talukdar', '01973935588', 'sakibtalukdar@gmail.com', TO_DATE('1990/12/27', 'yyyy/mm/dd'), 'MIRPUR', 'Male', 'B-');
INSERT INTO DONOR_INFO VALUES ('Sakib9207', 'Eligible', 'Active', 'NON-Paid');
INSERT INTO REGISTRATION VALUES ('Raihan4570', 'Raihan4570', 'Person');
INSERT INTO PERSONAL_INFO VALUES ('Raihan4570', 'Raihan Bokshi', '01588637686', 'raihanbokshi@gmail.com', TO_DATE('1994/02/07', 'yyyy/mm/dd'), 'UTTARA', 'Male', 'O+');
INSERT INTO DONOR_INFO VALUES ('Raihan4570', 'Ineligible', 'Inactive', 'Paid');
INSERT INTO REGISTRATION VALUES ('Sakib8001', 'Sakib8001', 'Person');
INSERT INTO PERSONAL_INFO VALUES ('Sakib8001', 'Sakib Bokshi', '01784585558', 'sakibbokshi@iut-dhaka.edu', TO_DATE('1987/07/17', 'yyyy/mm/dd'), 'MIRPUR', 'Male', 'AB+');
INSERT INTO DONOR_INFO VALUES ('Sakib8001', 'Ineligible', 'Active', 'Paid');
INSERT INTO REGISTRATION VALUES ('Raihan6937', 'Raihan6937', 'Person');
INSERT INTO PERSONAL_INFO VALUES ('Raihan6937', 'Raihan Chowdhury', '01575566377', 'raihanchowdhury@yahoo.com', TO_DATE('1998/09/11', 'yyyy/mm/dd'), 'GULSHAN', 'Male', 'B-');
INSERT INTO DONOR_INFO VALUES ('Raihan6937', 'Eligible', 'Active', 'NON-Paid');
INSERT INTO REGISTRATION VALUES ('Naweed1513', 'Naweed1513', 'Person');
INSERT INTO PERSONAL_INFO VALUES ('Naweed1513', 'Naweed Chowdhury', '01934584498', 'naweedchowdhury@iut-dhaka.edu', TO_DATE('1999/02/07', 'yyyy/mm/dd'), 'UTTARA', 'Male', 'AB-');
INSERT INTO DONOR_INFO VALUES ('Naweed1513', 'Eligible', 'Inactive', 'Paid');
INSERT INTO REGISTRATION VALUES ('Sajid9378', 'Sajid9378', 'Person');
INSERT INTO PERSONAL_INFO VALUES ('Sajid9378', 'Sajid Chowdhury', '01836686367', 'sajidchowdhury@gmail.com', TO_DATE('1986/07/26', 'yyyy/mm/dd'), 'BASHUNDHARA', 'Male', 'A+');
INSERT INTO DONOR_INFO VALUES ('Sajid9378', 'Ineligible', 'Inactive', 'Paid');
INSERT INTO REGISTRATION VALUES ('Minhaz6588', 'Minhaz6588', 'Person');
INSERT INTO PERSONAL_INFO VALUES ('Minhaz6588', 'Minhaz Majumdar', '01355638664', 'minhazmajumdar@gmail.com', TO_DATE('1993/08/10', 'yyyy/mm/dd'), 'UTTARA', 'Male', 'A+');
INSERT INTO DONOR_INFO VALUES ('Minhaz6588', 'Eligible', 'Inactive', 'NON-Paid');
INSERT INTO REGISTRATION VALUES ('Minhaz808', 'Minhaz808', 'Person');
INSERT INTO PERSONAL_INFO VALUES ('Minhaz808', 'Minhaz Chowdhury', '01638646983', 'minhazchowdhury@gmail.com', TO_DATE('1985/08/08', 'yyyy/mm/dd'), 'BASHUNDHARA', 'Male', 'AB-');
INSERT INTO DONOR_INFO VALUES ('Minhaz808', 'Eligible', 'Inactive', 'NON-Paid');
INSERT INTO REGISTRATION VALUES ('Sartaj9725', 'Sartaj9725', 'Person');
INSERT INTO PERSONAL_INFO VALUES ('Sartaj9725', 'Sartaj Bokshi', '01566776867', 'sartajbokshi@iut-dhaka.edu', TO_DATE('1994/04/20', 'yyyy/mm/dd'), 'GULSHAN', 'Male', 'AB-');
INSERT INTO DONOR_INFO VALUES ('Sartaj9725', 'Ineligible', 'Active', 'Paid');
INSERT INTO REGISTRATION VALUES ('Anas1325', 'Anas1325', 'Person');
INSERT INTO PERSONAL_INFO VALUES ('Anas1325', 'Anas Bokshi', '01988939455', 'anasbokshi@yahoo.com', TO_DATE('1985/05/28', 'yyyy/mm/dd'), 'BASHUNDHARA', 'Male', 'AB+');
INSERT INTO DONOR_INFO VALUES ('Anas1325', 'Eligible', 'Active', 'Paid');
INSERT INTO REGISTRATION VALUES ('Rakib684', 'Rakib684', 'Person');
INSERT INTO PERSONAL_INFO VALUES ('Rakib684', 'Rakib Chowdhury', '01579653347', 'rakibchowdhury@gmail.com', TO_DATE('1984/09/16', 'yyyy/mm/dd'), 'MIRPUR', 'Male', 'A+');
INSERT INTO DONOR_INFO VALUES ('Rakib684', 'Ineligible', 'Inactive', 'Paid');
INSERT INTO REGISTRATION VALUES ('Sakib8911', 'Sakib8911', 'Person');
INSERT INTO PERSONAL_INFO VALUES ('Sakib8911', 'Sakib Talukdar', '01746498583', 'sakibtalukdar@yahoo.com', TO_DATE('1990/03/28', 'yyyy/mm/dd'), 'MIRPUR', 'Male', 'B-');
INSERT INTO DONOR_INFO VALUES ('Sakib8911', 'Eligible', 'Active', 'NON-Paid');
INSERT INTO REGISTRATION VALUES ('Sakib8236', 'Sakib8236', 'Person');
INSERT INTO PERSONAL_INFO VALUES ('Sakib8236', 'Sakib Talukdar', '01648369835', 'sakibtalukdar@gmail.com', TO_DATE('1997/11/25', 'yyyy/mm/dd'), 'MIRPUR', 'Male', 'B-');
INSERT INTO DONOR_INFO VALUES ('Sakib8236', 'Eligible', 'Active', 'NON-Paid');
INSERT INTO REGISTRATION VALUES ('Minhaz617', 'Minhaz617', 'Person');
INSERT INTO PERSONAL_INFO VALUES ('Minhaz617', 'Minhaz Talukdar', '01589689464', 'minhaztalukdar@yahoo.com', TO_DATE('1988/01/28', 'yyyy/mm/dd'), 'BASHUNDHARA', 'Male', 'A+');
INSERT INTO DONOR_INFO VALUES ('Minhaz617', 'Ineligible', 'Inactive', 'Paid');
INSERT INTO REGISTRATION VALUES ('Naweed5819', 'Naweed5819', 'Person');
INSERT INTO PERSONAL_INFO VALUES ('Naweed5819', 'Naweed Chowdhury', '01839974637', 'naweedchowdhury@iut-dhaka.edu', TO_DATE('1995/02/17', 'yyyy/mm/dd'), 'BASHUNDHARA', 'Male', 'A+');
INSERT INTO DONOR_INFO VALUES ('Naweed5819', 'Ineligible', 'Inactive', 'NON-Paid');
INSERT INTO REGISTRATION VALUES ('Ucchash350', 'Ucchash350', 'Person');
INSERT INTO PERSONAL_INFO VALUES ('Ucchash350', 'Ucchash Talukdar', '01698964655', 'ucchashtalukdar@iut-dhaka.edu', TO_DATE('1987/06/19', 'yyyy/mm/dd'), 'BASHUNDHARA', 'Male', 'AB-');
INSERT INTO DONOR_INFO VALUES ('Ucchash350', 'Eligible', 'Inactive', 'NON-Paid');
INSERT INTO REGISTRATION VALUES ('Sartaj7644', 'Sartaj7644', 'Person');
INSERT INTO PERSONAL_INFO VALUES ('Sartaj7644', 'Sartaj Talukdar', '01455983593', 'sartajtalukdar@iut-dhaka.edu', TO_DATE('1990/10/29', 'yyyy/mm/dd'), 'BASHUNDHARA', 'Male', 'O+');
INSERT INTO DONOR_INFO VALUES ('Sartaj7644', 'Eligible', 'Active', 'NON-Paid');
INSERT INTO REGISTRATION VALUES ('Ucchash9802', 'Ucchash9802', 'Person');
INSERT INTO PERSONAL_INFO VALUES ('Ucchash9802', 'Ucchash Bokshi', '01976735996', 'ucchashbokshi@yahoo.com', TO_DATE('1992/07/13', 'yyyy/mm/dd'), 'MIRPUR', 'Male', 'B-');
INSERT INTO DONOR_INFO VALUES ('Ucchash9802', 'Eligible', 'Inactive', 'NON-Paid');
INSERT INTO REGISTRATION VALUES ('Ucchash4007', 'Ucchash4007', 'Person');
INSERT INTO PERSONAL_INFO VALUES ('Ucchash4007', 'Ucchash Chowdhury', '01676673387', 'ucchashchowdhury@iut-dhaka.edu', TO_DATE('1997/02/08', 'yyyy/mm/dd'), 'UTTARA', 'Male', 'A+');
INSERT INTO DONOR_INFO VALUES ('Ucchash4007', 'Ineligible', 'Active', 'NON-Paid');
INSERT INTO REGISTRATION VALUES ('Ucchash8964', 'Ucchash8964', 'Person');
INSERT INTO PERSONAL_INFO VALUES ('Ucchash8964', 'Ucchash Islam', '01864588745', 'ucchashislam@iut-dhaka.edu', TO_DATE('1997/09/12', 'yyyy/mm/dd'), 'MIRPUR', 'Male', 'AB-');
INSERT INTO DONOR_INFO VALUES ('Ucchash8964', 'Eligible', 'Active', 'Paid');

COMMIT;

INSERT INTO REGISTRATION VALUES ('Fariha3010', 'Fariha3010', 'Person');
INSERT INTO PERSONAL_INFO VALUES ('Fariha3010', 'Fariha Rahman', '01576935598', 'fariharahman@gmail.com', TO_DATE('1993/10/23', 'yyyy/mm/dd'), 'GULSHAN', 'Female', 'A+');
INSERT INTO DONOR_INFO VALUES ('Fariha3010', 'Eligible', 'Active', 'Paid');
INSERT INTO REGISTRATION VALUES ('Sanjana9551', 'Sanjana9551', 'Person');
INSERT INTO PERSONAL_INFO VALUES ('Sanjana9551', 'Sanjana Akhter', '01737835877', 'sanjanaakhter', TO_DATE('1997/11/11', 'yyyy/mm/dd'), 'BASHUNDHARA', 'Female', 'B+');
INSERT INTO DONOR_INFO VALUES ('Sanjana9551', 'Ineligible', 'Active', 'NON-Paid');
INSERT INTO REGISTRATION VALUES ('Nazifa5512', 'Nazifa5512', 'Person');
INSERT INTO PERSONAL_INFO VALUES ('Nazifa5512', 'Nazifa Ahmed', '01667998538', 'nazifaahmed@gmail.com', TO_DATE('1994/02/12', 'yyyy/mm/dd'), 'MIRPUR', 'Female', 'O+');
INSERT INTO DONOR_INFO VALUES ('Nazifa5512', 'Eligible', 'Inactive', 'NON-Paid');
INSERT INTO REGISTRATION VALUES ('Rity3104', 'Rity3104', 'Person');
INSERT INTO PERSONAL_INFO VALUES ('Rity3104', 'Rity Alam', '01475575468', 'rityalam@gmail.com', TO_DATE('1991/02/27', 'yyyy/mm/dd'), 'BASHUNDHARA', 'Female', 'O+');
INSERT INTO DONOR_INFO VALUES ('Rity3104', 'Ineligible', 'Active', 'NON-Paid');
INSERT INTO REGISTRATION VALUES ('Afra9527', 'Afra9527', 'Person');
INSERT INTO PERSONAL_INFO VALUES ('Afra9527', 'Afra Nawar', '01868834748', 'afranawar@gmail.com', TO_DATE('1993/08/03', 'yyyy/mm/dd'), 'UTTARA', 'Female', 'AB-');
INSERT INTO DONOR_INFO VALUES ('Afra9527', 'Ineligible', 'Active', 'NON-Paid');
INSERT INTO REGISTRATION VALUES ('Maisha8699', 'Maisha8699', 'Person');
INSERT INTO PERSONAL_INFO VALUES ('Maisha8699', 'Maisha Alam', '01345893835', 'maishaalam', TO_DATE('2000/04/22', 'yyyy/mm/dd'), 'GULSHAN', 'Female', 'B-');
INSERT INTO DONOR_INFO VALUES ('Maisha8699', 'Ineligible', 'Active', 'NON-Paid');
INSERT INTO REGISTRATION VALUES ('Ramisha2910', 'Ramisha2910', 'Person');
INSERT INTO PERSONAL_INFO VALUES ('Ramisha2910', 'Ramisha Ahmed', '01858535478', 'ramishaahmed', TO_DATE('1987/07/14', 'yyyy/mm/dd'), 'BASHUNDHARA', 'Female', 'B-');
INSERT INTO DONOR_INFO VALUES ('Ramisha2910', 'Eligible', 'Active', 'Paid');
INSERT INTO REGISTRATION VALUES ('Wasifa3599', 'Wasifa3599', 'Person');
INSERT INTO PERSONAL_INFO VALUES ('Wasifa3599', 'Wasifa Nawar', '01759486874', 'wasifanawar', TO_DATE('1997/06/24', 'yyyy/mm/dd'), 'UTTARA', 'Female', 'AB-');
INSERT INTO DONOR_INFO VALUES ('Wasifa3599', 'Eligible', 'Active', 'NON-Paid');
INSERT INTO REGISTRATION VALUES ('Rity2090', 'Rity2090', 'Person');
INSERT INTO PERSONAL_INFO VALUES ('Rity2090', 'Rity Abbas', '01649546347', 'rityabbas', TO_DATE('1995/12/11', 'yyyy/mm/dd'), 'GULSHAN', 'Female', 'AB-');
INSERT INTO DONOR_INFO VALUES ('Rity2090', 'Eligible', 'Inactive', 'NON-Paid');
INSERT INTO REGISTRATION VALUES ('Fabiha9323', 'Fabiha9323', 'Person');
INSERT INTO PERSONAL_INFO VALUES ('Fabiha9323', 'Fabiha Ahmed', '01693645996', 'fabihaahmed', TO_DATE('1988/09/19', 'yyyy/mm/dd'), 'BASHUNDHARA', 'Female', 'AB-');
INSERT INTO DONOR_INFO VALUES ('Fabiha9323', 'Eligible', 'Active', 'NON-Paid');
INSERT INTO REGISTRATION VALUES ('Fariha7769', 'Fariha7769', 'Person');
INSERT INTO PERSONAL_INFO VALUES ('Fariha7769', 'Fariha Zaman', '01774933894', 'farihazaman@yahoo.com', TO_DATE('1984/08/05', 'yyyy/mm/dd'), 'UTTARA', 'Female', 'AB+');
INSERT INTO DONOR_INFO VALUES ('Fariha7769', 'Ineligible', 'Inactive', 'NON-Paid');
INSERT INTO REGISTRATION VALUES ('Maisha2561', 'Maisha2561', 'Person');
INSERT INTO PERSONAL_INFO VALUES ('Maisha2561', 'Maisha Jalal', '01698894934', 'maishajalal', TO_DATE('1994/07/20', 'yyyy/mm/dd'), 'UTTARA', 'Female', 'AB+');
INSERT INTO DONOR_INFO VALUES ('Maisha2561', 'Ineligible', 'Active', 'Paid');
INSERT INTO REGISTRATION VALUES ('Rity1582', 'Rity1582', 'Person');
INSERT INTO PERSONAL_INFO VALUES ('Rity1582', 'Rity Nawar', '01877479345', 'ritynawar@gmail.com', TO_DATE('1997/01/22', 'yyyy/mm/dd'), 'GULSHAN', 'Female', 'O+');
INSERT INTO DONOR_INFO VALUES ('Rity1582', 'Ineligible', 'Active', 'NON-Paid');
INSERT INTO REGISTRATION VALUES ('Sara9482', 'Sara9482', 'Person');
INSERT INTO PERSONAL_INFO VALUES ('Sara9482', 'Sara Rahman', '01766589668', 'sararahman@gmail.com', TO_DATE('1988/04/21', 'yyyy/mm/dd'), 'MIRPUR', 'Female', 'B+');
INSERT INTO DONOR_INFO VALUES ('Sara9482', 'Eligible', 'Active', 'Paid');
INSERT INTO REGISTRATION VALUES ('Nuzhat4774', 'Nuzhat4774', 'Person');
INSERT INTO PERSONAL_INFO VALUES ('Nuzhat4774', 'Nuzhat Akhter', '01773363346', 'nuzhatakhter@yahoo.com', TO_DATE('1985/11/13', 'yyyy/mm/dd'), 'GULSHAN', 'Female', 'O+');
INSERT INTO DONOR_INFO VALUES ('Nuzhat4774', 'Ineligible', 'Active', 'NON-Paid');
INSERT INTO REGISTRATION VALUES ('Rity538', 'Rity538', 'Person');
INSERT INTO PERSONAL_INFO VALUES ('Rity538', 'Rity Jalal', '01875448999', 'rityjalal', TO_DATE('1995/04/21', 'yyyy/mm/dd'), 'UTTARA', 'Female', 'AB+');
INSERT INTO DONOR_INFO VALUES ('Rity538', 'Eligible', 'Inactive', 'NON-Paid');
INSERT INTO REGISTRATION VALUES ('Maisha9544', 'Maisha9544', 'Person');
INSERT INTO PERSONAL_INFO VALUES ('Maisha9544', 'Maisha Akhter', '01588987568', 'maishaakhter@yahoo.com', TO_DATE('1998/07/09', 'yyyy/mm/dd'), 'BASHUNDHARA', 'Female', 'A+');
INSERT INTO DONOR_INFO VALUES ('Maisha9544', 'Eligible', 'Active', 'Paid');
INSERT INTO REGISTRATION VALUES ('Ramisha1670', 'Ramisha1670', 'Person');
INSERT INTO PERSONAL_INFO VALUES ('Ramisha1670', 'Ramisha Abbas', '01574653677', 'ramishaabbas', TO_DATE('1984/07/17', 'yyyy/mm/dd'), 'UTTARA', 'Female', 'B-');
INSERT INTO DONOR_INFO VALUES ('Ramisha1670', 'Ineligible', 'Inactive', 'NON-Paid');
INSERT INTO REGISTRATION VALUES ('Sara114', 'Sara114', 'Person');
INSERT INTO PERSONAL_INFO VALUES ('Sara114', 'Sara Islam', '01743373955', 'saraislam@gmail.com', TO_DATE('1994/04/29', 'yyyy/mm/dd'), 'UTTARA', 'Female', 'O+');
INSERT INTO DONOR_INFO VALUES ('Sara114', 'Eligible', 'Active', 'Paid');
INSERT INTO REGISTRATION VALUES ('Fabiha5796', 'Fabiha5796', 'Person');
INSERT INTO PERSONAL_INFO VALUES ('Fabiha5796', 'Fabiha Zaman', '01739843934', 'fabihazaman', TO_DATE('1987/07/26', 'yyyy/mm/dd'), 'UTTARA', 'Female', 'B-');
INSERT INTO DONOR_INFO VALUES ('Fabiha5796', 'Ineligible', 'Active', 'NON-Paid');
INSERT INTO REGISTRATION VALUES ('Maisha2002', 'Maisha2002', 'Person');
INSERT INTO PERSONAL_INFO VALUES ('Maisha2002', 'Maisha Akhter', '01583889347', 'maishaakhter', TO_DATE('1995/01/16', 'yyyy/mm/dd'), 'MIRPUR', 'Female', 'B-');
INSERT INTO DONOR_INFO VALUES ('Maisha2002', 'Ineligible', 'Active', 'Paid');
INSERT INTO REGISTRATION VALUES ('Sara4162', 'Sara4162', 'Person');
INSERT INTO PERSONAL_INFO VALUES ('Sara4162', 'Sara Mahmud', '01858589349', 'saramahmud@yahoo.com', TO_DATE('1997/09/15', 'yyyy/mm/dd'), 'UTTARA', 'Female', 'AB+');
INSERT INTO DONOR_INFO VALUES ('Sara4162', 'Eligible', 'Inactive', 'NON-Paid');
INSERT INTO REGISTRATION VALUES ('Rity1490', 'Rity1490', 'Person');
INSERT INTO PERSONAL_INFO VALUES ('Rity1490', 'Rity Zaman', '01878897778', 'rityzaman@yahoo.com', TO_DATE('1987/03/17', 'yyyy/mm/dd'), 'MIRPUR', 'Female', 'AB+');
INSERT INTO DONOR_INFO VALUES ('Rity1490', 'Ineligible', 'Active', 'NON-Paid');
INSERT INTO REGISTRATION VALUES ('Wasifa2683', 'Wasifa2683', 'Person');
INSERT INTO PERSONAL_INFO VALUES ('Wasifa2683', 'Wasifa Alam', '01377955444', 'wasifaalam', TO_DATE('1985/11/02', 'yyyy/mm/dd'), 'BASHUNDHARA', 'Female', 'AB-');
INSERT INTO DONOR_INFO VALUES ('Wasifa2683', 'Eligible', 'Inactive', 'NON-Paid');
INSERT INTO REGISTRATION VALUES ('Fabiha1625', 'Fabiha1625', 'Person');
INSERT INTO PERSONAL_INFO VALUES ('Fabiha1625', 'Fabiha Mahmud', '01736738534', 'fabihamahmud@gmail.com', TO_DATE('1992/05/01', 'yyyy/mm/dd'), 'MIRPUR', 'Female', 'AB+');
INSERT INTO DONOR_INFO VALUES ('Fabiha1625', 'Eligible', 'Inactive', 'Paid');

COMMIT;

INSERT INTO REGISTRATION VALUES ('agrani', 'agrani', 'Organization');
INSERT INTO ORG_INFO VALUES ('agrani', 'Agrani Blood Bank', '01374654679', 'agrani@yahoo.com', 'GULSHAN', '854691433886491233', 'Sanjana Ahmed', '01545334795', 'Agrani Blood Bank, GULSHAN, Dhaka');
INSERT INTO ORG_LIC_INFO (USERNAME, ELIGIBILITY) VALUES ('agrani', 'Ineligible');
INSERT INTO REGISTRATION VALUES ('progoti', 'progoti', 'Organization');
INSERT INTO ORG_INFO VALUES ('progoti', 'Progoti Blood Centre', '01659937646', 'progoti@yahoo.com', 'UTTARA', '067007813792121659', 'Afra Islam', '01558983549', 'Progoti Blood Centre, UTTARA, Dhaka');
INSERT INTO ORG_LIC_INFO (USERNAME, ELIGIBILITY) VALUES ('progoti', 'Ineligible');
INSERT INTO REGISTRATION VALUES ('DMC', 'DMC', 'Organization');
INSERT INTO ORG_INFO VALUES ('DMC', 'Dhaka Medical College', '01599645453', 'dmc@yahoo.com', 'GULSHAN', '352145120520696379', 'Sara Ahmed', '01894557347', 'Dhaka Medical College, GULSHAN, Dhaka');
INSERT INTO ORG_LIC_INFO (USERNAME, ELIGIBILITY) VALUES ('DMC', 'Ineligible');
INSERT INTO REGISTRATION VALUES ('alif', 'alif', 'Organization');
INSERT INTO ORG_INFO VALUES ('alif', 'Alif Blood Bank', '01455536754', 'alif@gmail.com', 'GULSHAN', '020460215910430437', 'Alishba Abbas', '01568468365', 'Alif Blood Bank, GULSHAN, Dhaka');
INSERT INTO ORG_LIC_INFO (USERNAME, ELIGIBILITY) VALUES ('alif', 'Eligible');
INSERT INTO REGISTRATION VALUES ('aidlab', 'aidlab', 'Organization');
INSERT INTO ORG_INFO VALUES ('aidlab', 'Aid Lab', '01444589486', 'aidlab@gmail.com', 'BASHUNDHARA', '727886760012541696', 'Nazifa Ahmed', '01686985564', 'Aid Lab, BASHUNDHARA, Dhaka');
INSERT INTO ORG_LIC_INFO (USERNAME, ELIGIBILITY) VALUES ('aidlab', 'Eligible');
INSERT INTO REGISTRATION VALUES ('shondhani', 'shondhani', 'Organization');
INSERT INTO ORG_INFO VALUES ('shondhani', 'Shondhani Blood Bank', '01396698645', 'shondhani@yahoo.com', 'UTTARA', '113651978497880437', 'Maisha Karim', '01845689986', 'Shondhani Blood Bank, UTTARA, Dhaka');
INSERT INTO ORG_LIC_INFO (USERNAME, ELIGIBILITY) VALUES ('shondhani', 'Eligible');
INSERT INTO REGISTRATION VALUES ('charpoka', 'charpoka', 'Organization');
INSERT INTO ORG_INFO VALUES ('charpoka', 'Charpoka Blood Bank', '01843487747', 'charpoka@yahoo.com', 'MIRPUR', '288248596353967211', 'Nazifa Jalal', '01637544336', 'Charpoka Blood Bank, MIRPUR, Dhaka');
INSERT INTO ORG_LIC_INFO (USERNAME, ELIGIBILITY) VALUES ('charpoka', 'Ineligible');
INSERT INTO REGISTRATION VALUES ('quantum', 'quantum', 'Organization');
INSERT INTO ORG_INFO VALUES ('quantum', 'Quantum Blood Bank', '01897537887', 'quantum@yahoo.com', 'BASHUNDHARA', '071387265229632850', 'Afra Aziz', '01888944366', 'Quantum Blood Bank, BASHUNDHARA, Dhaka');
INSERT INTO ORG_LIC_INFO (USERNAME, ELIGIBILITY) VALUES ('quantum', 'Eligible');
INSERT INTO REGISTRATION VALUES ('smc', 'smc', 'Organization');
INSERT INTO ORG_INFO VALUES ('smc', 'Suhrawardy Medical College', '01689574955', 'smc@yahoo.com', 'BASHUNDHARA', '132326923359249035', 'Maisha Ahmed', '01363356478', 'Suhrawardy Medical College, BASHUNDHARA, Dhaka');
INSERT INTO ORG_LIC_INFO (USERNAME, ELIGIBILITY) VALUES ('smc', 'Eligible');
INSERT INTO REGISTRATION VALUES ('bsmmu', 'bsmmu', 'Organization');
INSERT INTO ORG_INFO VALUES ('bsmmu', 'BSMMU', '01538893947', 'bsmmu@yahoo.com', 'GULSHAN', '129056005760010331', 'Nazifa Ahmed', '01375965377', 'BSMMU, GULSHAN, Dhaka');
INSERT INTO ORG_LIC_INFO (USERNAME, ELIGIBILITY) VALUES ('bsmmu', 'Eligible');

COMMIT;